source,author,title,description,url,publishedAt,content,Negative,Nuetral,Positive,Date,Stock Price
Business Insider,Matthew Fox,'Another flex the muscles moment': Here's what Wall Street expects from Apple's upcoming earnings report,"""We view AAPL as a long-term earnings & free cash flow compounder with strong visibility into that growth that supports a premium valuation.""",https://markets.businessinsider.com/news/stocks/apple-earnings-preview-wall-street-expectations-aapl-q3-report-iphone-2023-8,2023-08-02 17:11:44+00:00,"Apple CEO Tim Cook stands next to the new Apple Vision Pro headset is displayed during the Apple Worldwide Developers Conference on June 05, 2023 in Cupertino, California.Justin Sullivan/Getty Images… [+3989 chars]",0.0,0.939,0.061,2023-07-31 04:00:00+00:00,195.02427500593174
Business Insider,Emily Swaim,Inside one of the strangest looking NASA test sites where sound goes to die,"NASA's Auero-Acoustic Propulsion Lab is an anechoic chamber — a room without echoes. Its spiky, fiberglass wedges absorb sound.",https://www.businessinsider.com/inside-nasa-aero-acoustic-propulsion-lab-that-kills-sound-2023-5,2023-05-15 15:33:58+00:00,"Distant view of the Nozzle Acoustic Test Rig (NATR).Glenn Research Center
<ul>
<li>NASA's Aero-Acoustic Propulsion Lab is basically a graveyard for sound.</li>
<li>Every surface inside is covered wi… [+4894 chars]",0.121,0.879,0.0,2023-05-15 04:00:00+00:00,172.24526072582623
CNN,Diksha Madhok,Apple expects iPhone 14 shipments to be hit by China's Covid curbs,"Apple has said that shipments of its latest lineup of iPhones will be ""temporarily impacted"" by Covid restrictions in China.",https://www.cnn.com/2022/11/06/business/china-covid-iphone-14-shipments-hit-hnk-intl/index.html,2022-11-07 04:36:25+00:00,"Apple has said that shipments of its latest lineup of iPhones will be temporarily impacted by Covid restrictions in China.
In a statement on Sunday, the company said that its assembly facility locat… [+1626 chars]",0.0,1.0,0.0,2022-10-31 04:00:00+00:00,151.65695741711656
CNN,Reuters,Instagram fined $400 million for failing to protect children's data,"Ireland's data privacy regulator has agreed to levy a record fine of 405 million euros ($402 million) against social network Instagram following an investigation into its handling of children's data, a spokesperson for the watchdog said.",https://www.cnn.com/2022/09/06/tech/instagram-fine-teens-privacy/index.html,2022-09-06 08:55:04+00:00,DublinIreland's data privacy regulator has agreed to levy a record fine of 405 million euros ($402 million) against social network Instagram following an investigation into its handling of children's… [+1523 chars],0.0,0.878,0.122,2022-09-05 04:00:00+00:00,154.93446087866755
Entrepreneur,Sam Quirke,Apple’s Stock Could Be On The Verge Of Another 30% Rally,"It's been a good summer for equities in general after a torrid first half of the year, but Apple (NASDAQ: AAPL) is having a particularly sunny couple of months.",https://www.entrepreneur.com/article/433760,2022-08-19 12:00:00+00:00,"While it's been a good summer for equities in general after a torrid first half of the year, tech titan Apple (NASDAQ: AAPL) is having a particularly sunny couple of months. Since the start of June t… [+3735 chars]",0.0,0.85,0.15,2022-08-15 04:00:00+00:00,169.8367462158203
Entrepreneur,Komal Bhattar,3 Buffett Stocks to Buy on the Dip,Warren Buffett’s strategic investment decisions have been a guide for retail inventors for decades. And we think investors should consider buying the dip in these fundamentally solid stocks from his...,https://www.entrepreneur.com/article/429495,2022-06-14 15:31:34+00:00,Warren Buffett's strategic investment decisions have been a guide for retail inventors for decades. And we think investors should consider buying the dip in these fundamentally solid stocks from his … [+6466 chars],0.0,0.949,0.051,2022-06-13 04:00:00+00:00,131.3835534284691
CNN,Samantha Murphy Kelly,Apple set to unveil new features for its most popular devices,Apple is set to kick off its annual developer conference on Monday where it will show off new features coming to its most popular devices. But Apple could also tease a new product long rumored to be in development.,https://www.cnn.com/2022/06/06/tech/apple-wwdc-2022/index.html,2022-06-06 12:08:18+00:00,"Apple
(AAPL) is set to kick off its annual developer conference on Monday where it will show off new features coming to its most popular devices. But Apple
(AAPL) could also tease a new productlong… [+932 chars]",0.076,0.872,0.052,2022-06-06 04:00:00+00:00,145.3851583464924
CNN,Catherine Thorbecke,Apple is discontinuing its last iPod model,"Apple said Tuesday it would discontinue production of the last iPod model it still sells, effectively bringing an end to the iconic product line that helped usher in a new era for the music industry and the tech giant.",https://www.cnn.com/2022/05/10/tech/apple-ipod-end-of-an-era/index.html,2022-05-10 19:26:30+00:00,"Apple said Tuesday it would discontinue production of the last iPod model it still sells, effectively bringing an end to the iconic product line that helped usher in a new era for the music industry … [+1391 chars]",0.0,0.923,0.077,2022-05-09 04:00:00+00:00,153.19677282028633
MarketBeat,Sam Quirke,Apple’s Numbers Complete Trifecta,You could almost hear the collective sigh of relief after Apple (NASDAQ: AAPL) released their latest earnings report at the end of yesterday’s session.,https://www.marketbeat.com/originals/apples-nasdaq-aapl-numbers-complete-trifecta/,2022-04-29 10:05:00+00:00,You could almost hear the collective sigh of relief after Apple (NASDAQ: AAPL) released its latest earnings report at the end of yesterdays session. Investors have already found solace this week with… [+4042 chars],0.0,0.884,0.116,2022-04-25 04:00:00+00:00,159.08380204607647
StockNews.com,Subhasree Kar,Is Apple Stock a Buy at $175?,"Shares of technology giant Apple (AAPL) have been gaining in price lately, fueled by news that indicates impressive demand for its iPhone 13 globally. However, the EU is outlining new...",https://stocknews.com/news/aapl-alot-lnvgy-ttdky-is-apple-stock-a-buy-at-175/,2022-03-28 12:37:54+00:00,"Shares of technology giant Apple (AAPL) have been gaining in price lately, fueled by news that indicates impressive demand for its iPhone 13 globally. However, the EU is outlining new tech regulation… [+6318 chars]",0.038,0.754,0.209,2022-03-28 04:00:00+00:00,169.99413187872364
Zacks.com,Zacks Equity Research,New Strong Buy Stocks for February 17th,"ARCB, AAPL, COWN, FELE, and DHI have been added to the Zacks Rank #1 (Strong Buy) List on February 17, 2022.",http://www.zacks.com/commentary/1868347/new-strong-buy-stocks-for-february-17th?cid=CS-ENTREPRENEUR-FT-zacks_1_rank_additions-1868347,2022-02-17 11:39:00+00:00,"Here are five stocks added to the Zacks Rank #1 (Strong Buy) List today:
 - Zacks
ArcBestARCB: This company that provides freight transportation services and solutions has seen the Zacks Consensus … [+1927 chars]",0.0,0.948,0.052,2022-02-14 05:00:00+00:00,165.2547917175861
Zacks.com,Nalak Das,Top 5 Nasdaq Composite Stocks Amid Index's YTD Bloodbath,"We have narrowed our search to five Nasdaq Composite listed U.S. corporate behemoths that have a robust business model. These are: AAPL, TXN, AMD, ON and TSLA.",http://www.zacks.com/stock/news/1868225/top-5-nasdaq-composite-stocks-amid-index-s-ytd-bloodbath?cid=CS-ENTREPRENEUR-FT-analyst_blog|investment_ideas-1868225,2022-02-16 12:19:00+00:00,"Wall Street is reeling under extreme volatility since the beginning of 2022. Investors are highly concerned about soaring inflation. Moreover, the uncertainty regarding the pace and magnitude of an i… [+7582 chars]",0.072,0.928,0.0,2022-02-14 05:00:00+00:00,165.2547917175861
Zacks.com,Nalak Das,Inflation May Raise Corporate America's Profits: 5 Top Picks,"We have narrowed our search to five U.S. corporate giants that have given strong guidance for 2022. These are: AAPL, TSLA, XOM, COP and AMD.",http://www.zacks.com/stock/news/1866902/inflation-may-raise-corporate-america-s-profits-5-top-picks?cid=CS-ENTREPRENEUR-FT-analyst_blog|investment_ideas-1866902,2022-02-14 11:38:00+00:00,Wall Street has been reeling under severe volatility since the beginning of this year after performing impressively in the last two pandemic-ridden years. Anticipation of a tougher-than-expected stan… [+9423 chars],0.079,0.788,0.133,2022-02-14 05:00:00+00:00,165.2547917175861
Zacks.com,Zacks Equity Research,Best Growth Stocks to Buy for February 10th,"COP, APA, and AAPL made it to the Zacks Rank #1 (Strong Buy) growth stocks list on February 10, 2022",http://www.zacks.com/commentary/1865485/best-growth-stocks-to-buy-for-february-10th?cid=CS-ENTREPRENEUR-FT-zacks_1_rank_additions|growth_additions-1865485,2022-02-10 12:36:00+00:00,"Here are three stocks with buy ranks and strong growth characteristics for investors to consider today, February 10th:
 - Zacks
ConocoPhillipsCOP: This company that is primarily involved in the exp… [+1850 chars]",0.0,0.831,0.169,2022-02-07 05:00:00+00:00,170.6754438182542
Zacks.com,Benjamin Rains,Bull of the Day: Apple Inc. (AAPL),"The iPhone maker once again flexed its financial firepower, resilient supply chain, expanding services segment, and more...",http://www.zacks.com/commentary/1863671/bull-of-the-day-apple-inc-aapl?cid=CS-ENTREPRENEUR-FT-bull_of_the_day-1863671,2022-02-08 10:00:00+00:00,Apple Inc. AAPL posted blowout first quarter fiscal 2022 financial results on January 27 that helped the market start to bounce back from the wave of selling that had plagued stocks throughout the fi… [+6805 chars],0.0,1.0,0.0,2022-02-07 05:00:00+00:00,170.6754438182542
Zacks.com,Zacks Equity Research,Best Growth Stocks to Buy for February 7th,"AAPL, TOL, and PFE made it to the Zacks Rank #1 (Strong Buy) growth stocks list on February 7, 2022",http://www.zacks.com/commentary/1863632/best-growth-stocks-to-buy-for-february-7th?cid=CS-ENTREPRENEUR-FT-zacks_1_rank_additions|growth_additions-1863632,2022-02-07 18:41:00+00:00,"Here are three stocks with buy ranks and strong growth characteristics for investors to consider today, February 7th:
 - Zacks
AppleAAPL: This company whose business primarily runs around its flags… [+1964 chars]",0.0,0.831,0.169,2022-02-07 05:00:00+00:00,170.6754438182542
MarketBeat,Sam Quirke,Apple (NASDAQ: AAPL) Knocks It Out Of The Park,"After seeing the NASDAQ index fall close to 20% from the end of December through last week, knock-out earnings from Apple (NASDAQ: AAPL) were just what the tech sector needed...",https://www.marketbeat.com/originals/apple-nasdaq-aapl-knocks-it-out-of-the-park/?utm_source=entrepreneurcom&amp;amp;utm_medium=entrepreneurcom,2022-02-02 13:00:00+00:00,"After seeing the NASDAQ index fall close to 20% from the end of December through last week, knock-out earnings from Apple (NASDAQ: AAPL) were just what the tech sector needed to steady the ship. And … [+4025 chars]",0.0,1.0,0.0,2022-01-31 05:00:00+00:00,167.79576973140473
Zacks.com,Sheraz Mian,"Top Analyst Reports for Apple, Tesla & Johnson & Johnson","Today's Research Daily features new research reports on 16 major stocks, including Apple Inc. (AAPL), Tesla, Inc. (TSLA), and Johnson & Johnson (JNJ).",http://www.zacks.com/commentary/1859914/top-analyst-reports-for-apple-tesla-johnson-johnson?cid=CS-ENTREPRENEUR-FT-research_daily-1859914,2022-01-31 17:47:00+00:00,"Monday, January 31, 2022
The Zacks Research Daily presents the best research output of our analyst team. Today's Research Daily features new research reports on 16 major stocks, including Apple Inc.… [+7402 chars]",0.0,0.884,0.116,2022-01-31 05:00:00+00:00,167.79576973140473
Zacks.com,Zacks Equity Research,Apple (AAPL) to Enable NFC Payments With New iOS Feature,"Apple (AAPL) is developing a new feature, which will help small businesses to accept payments via credit cards directly on their iPhones without using extra hardware",http://www.zacks.com/stock/news/1858445/apple-aapl-to-enable-nfc-payments-with-new-ios-feature?cid=CS-ENTREPRENEUR-FT-analyst_blog|company_news_tech_sector-1858445,2022-01-27 17:34:00+00:00,"AppleAAPL is developing a new feature that would enable small businesses to accept payments via credit cards directly on their iPhones without utilizing any extra hardware.Per a Bloomberg report, App… [+4059 chars]",0.0,0.843,0.157,2022-01-24 05:00:00+00:00,157.79666062750994
Zacks.com,Zacks Equity Research,Can Continued Services Growth Aid Apple's (AAPL) Q1 Earnings?,Apple's (AAPL) first-quarter fiscal 2022 results are expected to reflect expanding Services business as well as solid Mac sales.,http://www.zacks.com/stock/news/1857604/can-continued-services-growth-aid-apple-s-aapl-q1-earnings?cid=CS-ENTREPRENEUR-FT-analyst_blog|earnings_preview-1857604,2022-01-26 17:57:00+00:00,"Apples AAPL first-quarter fiscal 2022 results, to be reported on Jan 27, are expected to have benefited from continued momentum in the Services business.The segment, which includes revenues from the … [+4934 chars]",0.0,1.0,0.0,2022-01-24 05:00:00+00:00,157.79666062750994
Zacks.com,Zacks Equity Research,Apple's (AAPL) Supply Chain Woes Persist Ahead of Q1 Results,"Apple (AAPL) is still facing supply chain constraints ahead of the release of Quarter 1 results for 2022, which is further complicated by Apple's launch of new products",http://www.zacks.com/stock/news/1857105/apple-s-aapl-supply-chain-woes-persist-ahead-of-q1-results?cid=CS-ENTREPRENEUR-FT-analyst_blog|company_news_tech_sector-1857105,2022-01-25 19:09:00+00:00,"AppleAAPL is still grappling with supply chain constraints ahead of its first-quarter 2022 results.Per a recent 9to5Mac article, the iPhone maker is still unable to meet demand with accurate supply. … [+4577 chars]",0.048,0.952,0.0,2022-01-24 05:00:00+00:00,157.79666062750994
Zacks.com,Zacks Equity Research,Apple (AAPL) to Report Q1 Earnings: What's in the Offing?,Apple's (AAPL) first-quarter fiscal 2022 earnings are expected to have benefited from strong sales of the 5G-enabled iPhone 13 despite supply-chain constraints.,http://www.zacks.com/stock/news/1857081/apple-aapl-to-report-q1-earnings-what-s-in-the-offing?cid=CS-ENTREPRENEUR-FT-analyst_blog|earnings_preview-1857081,2022-01-25 18:09:00+00:00,"AppleAAPL is set to report first-quarter fiscal 2022 results on Jan 27, 2022.Apple did not provide revenue guidance for the first quarter of fiscal 2022, given the uncertainty around the impact of th… [+5458 chars]",0.066,0.934,0.0,2022-01-24 05:00:00+00:00,157.79666062750994
Zacks.com,Sheraz Mian,"Q4 Earnings Update and Analyst Reports for Apple, JNJ & McDonald's","In addition to a real-time Q4 scorecard, today's article features new research reports Apple (AAPL), Johnson & Johnson (JNJ), McDonald's (MCD) and others.",http://www.zacks.com/commentary/1852223/q4-earnings-update-and-analyst-reports-for-apple-jnj-mcdonald-s?cid=CS-ENTREPRENEUR-FT-research_daily-1852223,2022-01-14 17:40:00+00:00,"Friday, January 14, 2022
The Zacks Research Daily presents the best research output of our analyst team. Today's Research Daily features a real-time update on the Q4 earnings season, in addidtion to… [+8927 chars]",0.0,0.884,0.116,2022-01-10 05:00:00+00:00,166.7307616292686
Zacks.com,Zacks Equity Research,Apple (AAPL) Reportedly Discussing Streaming Deal with MLB,Apple (AAPL) is reportedly discussing a deal with Major League Baseball to stream weekday national games via its Apple TV+ streaming service.,http://www.zacks.com/stock/news/1850417/apple-aapl-reportedly-discussing-streaming-deal-with-mlb?cid=CS-ENTREPRENEUR-FT-analyst_blog|company_news_tech_sector-1850417,2022-01-11 16:09:00+00:00,"AppleAAPL is reportedly looking to stream Major League Baseball (MLB) games through its Apple TV+ streaming service.Per a New York Post article, the iPhone-maker is in serious discussions to stream w… [+3391 chars]",0.04,0.96,0.0,2022-01-10 05:00:00+00:00,166.7307616292686
Zacks.com,Zacks Equity Research,Apple (AAPL) to Reopen iPhone Manufacturing Factory in India,Apple's (AAPL) key manufacturing partner Foxconn will reopen the iPhone manufacturing facility in India after addressing the Labor Law Violation issues,http://www.zacks.com/stock/news/1849782/apple-aapl-to-reopen-iphone-manufacturing-factory-in-india?cid=CS-ENTREPRENEUR-FT-analyst_blog|company_news_tech_sector-1849782,2022-01-10 16:30:00+00:00,"AppleAAPL recently addressed one of its supply chain constraints stemming from Labor Law Violations in India. In December, Apple put its key manufacturing partner Foxconns factory in India on probati… [+3786 chars]",0.099,0.901,0.0,2022-01-10 05:00:00+00:00,166.7307616292686
StockNews.com,Subhasree Kar,Is Now a Good Time to Scoop Up Shares of Twitter Stock in Anticipation of a 2022 Rebound?,"Social networking service provider Twitter (TWTR) has struggled with Apple’s (AAPL) privacy changes over the past few months. The uncertainty concerning the iOS changes could be challenging for the company,...",https://stocknews.com/news/twtr-tzoo-yelp-googl-is-now-a-good-time-to-scoop-up-shares-of/,2022-01-04 16:35:09+00:00,Social networking service provider Twitter (TWTR) has struggled with Apples (AAPL) privacy changes over the past few months. The uncertainty concerning the iOS changes could be challenging for the co… [+5513 chars],0.136,0.819,0.045,2022-01-03 05:00:00+00:00,175.3592259338037
Blogspot.com,noreply@blogger.com (Unknown),Apple has become the world's first $3 trillion company,"<table><tr><td></td></tr><tr><td>Apple CEO Tim Cook greets fans outside the Apple Store on Fifth Ave in the Manhattan borough of New York, New York, U.S., September 20, 2019. REUTERS/Carlo Allegri</td></tr>
</table>Apple has taken another important step. The…",https://techncruncher.blogspot.com/2022/01/apple-has-become-worlds-first-3.html,2022-01-03 21:41:00+00:00,Apple has taken another important step. The iPhone maker surpassed a market value of $ 3 trillion on Monday - the first publicly traded company  to be worth that much. Apple shares (AAPL)  briefly ro… [+1000 chars],0.0,0.777,0.223,2022-01-03 05:00:00+00:00,175.3592259338037
Reuters,,LIVE MARKETS Dow Industrials shoots for seventh straight gain - Reuters,"Welcome to the home for real-time coverage of markets brought to you by Reuters reporters. You can share your thoughts with us at <a href=""mailto:markets.research@thomsonreuters.com"" target=""_blank"">markets.research@thomsonreuters.com</a>",https://www.reuters.com/markets/asia/live-markets-dow-industrials-shoots-seventh-straight-gain-2021-12-30/,2021-12-30 14:59:00+00:00,"Dec 30 - Welcome to the home for real-time coverage of markets brought to you by Reuters reporters. You can share your thoughts with us at markets.research@thomsonreuters.com
DOW INDUSTRIALS SHOOTS … [+2648 chars]",0.0,0.848,0.152,2021-12-27 05:00:00+00:00,174.6294721041235
Reuters,,LIVE MARKETS The Apple of the Nasdaq 100's eye - Reuters,"Welcome to the home for real-time coverage of markets brought to you by Reuters reporters. You can share your thoughts with us at <a href=""mailto:markets.research@thomsonreuters.com"" target=""_blank"">markets.research@thomsonreuters.com</a>",https://www.reuters.com/markets/asia/live-markets-apple-nasdaq-100s-eye-2021-12-30/,2021-12-30 13:59:00+00:00,"Dec 30 - Welcome to the home for real-time coverage of markets brought to you by Reuters reporters. You can share your thoughts with us at markets.research@thomsonreuters.com
THE APPLE OF THE NASDAQ… [+1789 chars]",0.0,0.856,0.144,2021-12-27 05:00:00+00:00,174.6294721041235
Zacks.com,Zacks Equity Research,Apple (AAPL) Stock Moves -0.65%: What You Should Know,"Apple (AAPL) closed the most recent trading day at $171.14, moving -0.65% from the previous trading session.",http://www.zacks.com/stock/news/1840788/apple-aapl-stock-moves-0-65-what-you-should-know?cid=CS-ENTREPRENEUR-FT-tale_of_the_tape|yseop_template_6-1840788,2021-12-17 22:45:19+00:00,"In the latest trading session, Apple (AAPL) closed at $171.14, marking a -0.65% move from the previous day. This move was narrower than the S&amp;P 500's daily loss of 1.03%. At the same time, the Do… [+3653 chars]",0.06,0.94,0.0,2021-12-13 05:00:00+00:00,178.60349381477917
MacRumors,Eric Slivka,AAPL Shares Hit Another All-Time High as Morgan Stanley Raises Apple Price Target to $200,"Apple shares closed at a new all-time high today, rising 3.5% to finish the regular trading day at $171.18. Shares have also gained another 1% in after-hours trading, touching $173.





Apple's stock is up over 32% this year and almost 14% in just the past m…",https://www.macrumors.com/2021/12/07/aapl-all-time-high-morgan-stanley/,2021-12-07 21:41:50+00:00,"Apple shares closed at a new all-time high today, rising 3.5% to finish the regular trading day at $171.18. Shares have also gained another 1% in after-hours trading, touching $173.
Apple's stock is… [+619 chars]",0.0,0.816,0.184,2021-12-06 05:00:00+00:00,162.00731297006112
Zacks.com,Mark Vickery,"Top Research Reports for Apple, Cisco & Linde","Today's Research Daily features new research reports on 16 major stocks, including Apple Inc. (AAPL), Cisco Systems, Inc. (CSCO), and Linde plc (LIN).",http://www.zacks.com/commentary/1835329/top-research-reports-for-apple-cisco-linde?cid=CS-ENTREPRENEUR-FT-research_daily-1835329,2021-12-03 18:01:00+00:00,"Friday, December 3, 2021
The Zacks Research Daily presents the best research output of our analyst team. Today's Research Daily features new research reports on 16 major stocks, including Apple Inc.… [+3929 chars]",0.0,0.884,0.116,2021-11-29 05:00:00+00:00,157.155686937873
Zacks.com,Zacks Equity Research,Apple (AAPL) Stock Sinks As Market Gains: What You Should Know,"Apple (AAPL) closed at $163.76 in the latest trading session, marking a -0.61% move from the prior day.",http://www.zacks.com/stock/news/1834785/apple-aapl-stock-sinks-as-market-gains-what-you-should-know?cid=CS-ENTREPRENEUR-FT-tale_of_the_tape|yseop_template_6-1834785,2021-12-02 22:45:10+00:00,"In the latest trading session, Apple (AAPL) closed at $163.76, marking a -0.61% move from the previous day. This change lagged the S&amp;P 500's daily gain of 1.42%. Elsewhere, the Dow gained 1.82%, … [+3574 chars]",0.056,0.791,0.153,2021-11-29 05:00:00+00:00,157.155686937873
StockNews.com,Aditi Ganguly,"Forget Apple, Buy These 3 Consumer Electronics Stocks Instead","While Apple (AAPL) remains one of the most popular consumer electronics manufacturers, its current plans to expand its product portfolio and rising raw materials costs could adversely impact its short-term...",https://stocknews.com/news/sono-aapl-vzio-hear-forget-apple-buy-these-3-consumer-electronics-stocks-instead/,2021-11-29 15:00:02+00:00,"While Apple (AAPL) remains one of the most popular consumer electronics manufacturers, its current plans to expand its product portfolio and rising raw materials costs could adversely impact its shor… [+7046 chars]",0.05,0.801,0.149,2021-11-29 05:00:00+00:00,157.155686937873
MacRumors,Eric Slivka,AAPL Stock Sets New All-Time High Following Latest Apple Car Rumors,"Right on the heels of a fresh round of rumors about Apple's autonomous car project, Apple's stock price spiked to a new all-time high today, touching $157.87 per share before pulling back slightly.





The previous all-time intraday high was set back on Sept…",https://www.macrumors.com/2021/11/18/aapl-all-time-high-car-rumors/,2021-11-18 18:13:31+00:00,"Right on the heels of a fresh round of rumors about Apple's autonomous car project, Apple's stock price spiked to a new all-time high today, touching $157.87 per share before pulling back slightly.
… [+423 chars]",0.0,0.873,0.127,2021-11-15 05:00:00+00:00,148.28073952309725
StockNews.com,Christian Tharp,Is Apple Setting Up for a Big Move?,A chart pattern known as a symmetrical triangle has formed in the chart of Apple Inc. (AAPL). This occurs when a down trending resistance combines with an up-trending support line....,https://stocknews.com/news/aapl-is-apple-setting-up-for-a-big-move-61161784/,2021-11-17 14:42:49+00:00,A chart pattern known as a symmetrical triangle has formed in the chart of Apple Inc. (AAPL). This occurs when a down trending resistance combines with an up-trending support line. If the stock break… [+2972 chars],0.0,0.922,0.078,2021-11-15 05:00:00+00:00,148.28073952309725
Zacks.com,Tracey Ryniec,A Deep Dive into the Apple (AAPL) and Amazon (AMZN) Earnings Charts,They are two trillion-dollar companies that are among the best performing stocks of the last decade. But what do their earnings track records look like?,http://www.zacks.com/stock/news/1817584/a-deep-dive-into-the-apple-aapl-and-amazon-amzn-earnings-charts?cid=CS-ENTREPRENEUR-FT-video_blog-1817584,2021-10-27 14:38:00+00:00,"This is a big week for earnings with over 1000 companies expected to report, including many FANGMAN stocks and other popular growth stocks.
This includes Apple AAPL and Amazon AMZN, two of the best … [+1600 chars]",0.0,0.733,0.267,2021-10-25 04:00:00+00:00,146.40053304697958
Zacks.com,Nalak Das,5 Technology Bigwigs Set to Beat Earnings Estimates This Week,"Five technology bigwigs (market capital > $100 billion) are slated to release earnings results this week. These are: AMD, GOOGL, TXN, AAPL and NOW.",http://www.zacks.com/stock/news/1815578/5-technology-bigwigs-set-to-beat-earnings-estimates-this-week?cid=CS-ENTREPRENEUR-FT-analyst_blog|investment_ideas-1815578,2021-10-25 09:26:00+00:00,"The third-quarter earnings season is in full swing, with more than 900 companies set to report their quarterly numbers this week. Out of these companies, market participants focus will be predominant… [+9127 chars]",0.0,1.0,0.0,2021-10-25 04:00:00+00:00,146.40053304697958
StockNews.com,Subhasree Kar,Apple vs. Tesla: Which Popular Robinhood Stock is a Better Buy?,Robinhood has become immensely popular among the new-generation of traders. Their customers are particularly interested in Apple (AAPL) and Tesla (TSL...,https://stocknews.com/news/aapl-tsla-apple-vs-tesla-which-popular-robinhood-stock-is-a-better/,2021-10-01 16:41:54+00:00,Robinhood has become immensely popular among the new-generation of traders. Their customers are particularly interested in Apple (AAPL) and Tesla (TSLA) which is evident from their placement within t… [+5920 chars],0.0,0.834,0.166,2021-09-27 04:00:00+00:00,143.2397862076202
StockNews.com,Priyanka Mandal,2 Stocks That Could Get a Boost From iPhone 13 Sales,iPhone maker Apple (AAPL) is poised to maintain its sales momentum that kicked off last year with the iPhone 12. Since many customers are ready for an...,https://stocknews.com/news/avgo-qcom-aapl-2-stocks-that-could-get-a-boost-from-iphone-13/,2021-09-30 15:56:28+00:00,"iPhone maker Apple (AAPL) is poised to maintain its sales momentum that kicked off last year with the iPhone 12. Since many customers are ready for an upgrade, the newly released iPhone 13 should und… [+5615 chars]",0.0,0.886,0.114,2021-09-27 04:00:00+00:00,143.2397862076202
Blogspot.com,noreply@blogger.com (Unknown),$75M AAPL stock options declared for Tim Cook at end of quarter,"AAPL stock options have been declared for Tim Cook and five other Apple execs. The SEC filing shows that Cook is in line for more than half a million shares, worth $75M at current value.Four other execs stand to receive shares worth $20M each, while another i…",https://techncruncher.blogspot.com/2021/09/75m-aapl-stock-options-declared-for-tim.html,2021-09-29 12:08:00+00:00,"AAPL stock options have been declared for Tim Cook and five other Apple execs. The SEC filing shows that Cook is in line for more than half a million shares, worth $75M at current value.
Four other … [+251 chars]",0.0,0.843,0.157,2021-09-27 04:00:00+00:00,143.2397862076202
Zacks.com,Nalak Das,Fed Gives Bond-Buy Tapering Signal Without Timeline: 5 Picks,"We have narrowed down our search to five U.S. corporate behemoths that have strong growth potential for the rest of 2021. These are: AAPL, MSFT, NVDA,...",http://www.zacks.com/stock/news/1799919/fed-gives-bond-buy-tapering-signal-without-timeline-5-picks?cid=CS-ENTREPRENEUR-FT-analyst_blog|investment_ideas-1799919,2021-09-23 10:41:00+00:00,"On Sep 22, Wall Street closed sharply higher ending its 4-day losing streak and recouped some of the losses it has suffered in September. The three major stock indexes the Dow, the S&amp;P 500 and th… [+8632 chars]",0.195,0.805,0.0,2021-09-20 04:00:00+00:00,141.5953646529197
Zacks.com,Kaustav Ghosh,5 Stocks to Watch Amid Surging Demand for Digital Payments,"Watch out for stocks like Apple (AAPL), Usio (USIO), EVERTEC (EVTC), Visa (V) and Alphabet (GOOGL) amid continued demand for digital payment as a safe...",http://www.zacks.com/stock/news/1799916/5-stocks-to-watch-amid-surging-demand-for-digital-payments?cid=CS-ENTREPRENEUR-FT-analyst_blog|investment_ideas-1799916,2021-09-23 10:40:00+00:00,"As the pandemic halted in-store shopping, people resorted to shopping online and preferred digital or contactless payments as a safer method for transacting. Safety has become a priority among consum… [+6122 chars]",0.0,0.833,0.167,2021-09-20 04:00:00+00:00,141.5953646529197
StockNews.com,Aditi Ganguly,Should You Buy the Dip in Apple?,"With a $2.45 trillion market cap, Apple (AAPL) is one of the largest companies in the world, with a dominating market share in the tech space. However...",https://stocknews.com/news/aapl-caj-sekey-should-you-buy-the-dip-in-apple/,2021-09-17 12:33:08+00:00,"With a $2.45 trillion market cap, Apple (AAPL) is one of the largest companies in the world, with a dominating market share in the tech space. However, a recent U.S. court ruling that struck down AAP… [+4869 chars]",0.109,0.833,0.057,2021-09-13 04:00:00+00:00,148.32068391287726
CNN,"Samantha Murphy Kelly, CNN Business",Apple set to unveil new iPhones,"Apple is expected to unveil four new iPhones on Tuesday during a virtual media event held from its Cupertino, California, headquarters.",https://www.cnn.com/2021/09/14/tech/apple-event-highlights/index.html,2021-09-14 12:27:18+00:00,"(CNN Business)Apple is expected to unveil four new iPhones on Tuesday during a virtual media event held from its Cupertino, California, headquarters.
The new devices -- the iPhone 13 mini, the iPhon… [+1497 chars]",0.0,1.0,0.0,2021-09-13 04:00:00+00:00,148.32068391287726
Zacks.com,Sweta Killa,Gaming ETFs to Gain Post Apple-Epic Games Ruling,"Gaming stocks jumped in the Sep 10 trading session, following the Apple (AAPL)-Epic Games lawsuit ruling.",http://www.zacks.com/stock/news/1795695/gaming-etfs-to-gain-post-apple-epic-games-ruling?cid=CS-ENTREPRENEUR-FT-etf_news_and_commentary-1795695,2021-09-13 16:10:00+00:00,"Gaming stocks jumped in the Sep 10 trading session, following the Apple AAPL-Epic Games lawsuit ruling. U.S. District Judge Yvonne Gonzalez Rogers in Oakland, CA ruled that the iPhone maker can no lo… [+6186 chars]",0.111,0.889,0.0,2021-09-13 04:00:00+00:00,148.32068391287726
Zacks.com,Sweta Killa,Gaming ETFs to Gain Post Apple-Epic Games Ruling,"Gaming stocks jumped in the Sep 10 trading session, following the Apple (AAPL)-Epic Games lawsuit ruling.",http://www.zacks.com/stock/news/1795695/gaming-etfs-to-gain-post-apple-epic-games-ruling?cid=CS-ENTREPRENEUR-FT-etf_news_and_commentary-1795695,2021-09-13 16:10:00+00:00,"Gaming stocks jumped in the Sep 10 trading session, following the Apple AAPL-Epic Games lawsuit ruling. U.S. District Judge Yvonne Gonzalez Rogers in Oakland, CA ruled that the iPhone maker can no lo… [+6186 chars]",0.111,0.889,0.0,2021-09-13 04:00:00+00:00,148.32068391287726
Zacks.com,Zacks Equity Research,4 Stocks to Gain From the Unbridled Popularity of Smartwatches,"Watch out for the likes of Apple (AAPL), Garmin (GRMN), Qualcomm (QCOM) and Alphabet (GOOGL) as demand for smartwatches continues unabated.",http://www.zacks.com/stock/news/1795585/4-stocks-to-gain-from-the-unbridled-popularity-of-smartwatches?cid=CS-ENTREPRENEUR-FT-analyst_blog|investment_ideas-1795585,2021-09-13 13:50:00+00:00,The outbreak of the coronavirus last year aided the popularity of smartwatches as people became more health-conscious. Smartwatches come equipped with heart rate monitors and wearers can also measure… [+5064 chars],0.0,0.906,0.094,2021-09-13 04:00:00+00:00,148.32068391287726
Zacks.com,Ritujay Ghosh,Contactless Payment Gaining Popularity: 4 Stocks to Watch,"With more people preferring the contactless mode of payment owing to the pandemic, companies like Alphabet's (GOOGL) Google Pay and Apple's (AAPL) App...",http://www.zacks.com/stock/news/1794666/contactless-payment-gaining-popularity-4-stocks-to-watch?cid=CS-ENTREPRENEUR-FT-analyst_blog|investment_ideas-1794666,2021-09-10 11:47:00+00:00,Contactless payments have been in existence for a decade now but not too many used it till the pandemic hit. The COVID-19 pandemic has completely changed the way people have been transacting so long.… [+5393 chars],0.0,1.0,0.0,2021-09-06 04:00:00+00:00,152.5940924677167
CNN,By CNN Business,"Bitcoin drops below $43,000 on El Salvador's first day using it",Here's the latest news on what stocks are doing.,https://www.cnn.com/business/live-news/stock-market-news-090821/index.html,2021-09-08 10:35:55+00:00,"Apple (AAPL) will likely reveal its latest lineup of iPhones next week
.
The company sent out press invitations Tuesday for a virtual event -- with the tagline ""California Streaming"" -- that will t… [+492 chars]",0.0,1.0,0.0,2021-09-06 04:00:00+00:00,152.5940924677167
StockNews.com,Imon Ghosh,Are Shares of Apple a Buy Under $150?,"Tech giant Apple (AAPL) achieved double-digit growth across its product categories in its last reported quarter. So, given the growing optimism surrou...",https://stocknews.com/news/aapl-caj-sekey-are-shares-of-apple-a-buy-under-150/,2021-08-24 13:01:42+00:00,"August
24, 2021
5 min read
This story originally appeared on StockNews
Tech giant Apple (AAPL) achieved double-digit growth across its product categories in its last reported quarter. So, given t… [+6207 chars]",0.0,0.923,0.077,2021-08-23 04:00:00+00:00,146.0362150019269
CNN,"Rishi Iyengar, CNN Business",Amazon is delaying its return to office until 2022,"Amazon on Thursday pushed back its office return date until early next year amid a surge in Covid-19 cases from the Delta variant, making it one of the most significant delays yet in the tech industry.",https://www.cnn.com/2021/08/05/tech/amazon-office-return-reopening-delay/index.html,2021-08-05 19:20:19+00:00,"(CNN Business)Amazon on Thursday pushed back its office return date until early next year amid a surge in Covid-19 cases from the Delta variant, making it one of the most significant delays yet in th… [+1507 chars]",0.0,0.944,0.056,2021-08-02 04:00:00+00:00,143.9005083333274
StockNews.com,Christian Tharp,What’s Next for Apple as it Forms a Key Resistance Level?,A resistance line has formed in the chart of Apple Inc. (AAPL). This line has prevented AAPL from hitting a new 52 week high. But if the stock breaks...,https://stocknews.com/news/aapl-whats-next-for-apple-as-it-forms-a-key-resistance/,2021-07-29 13:50:23+00:00,"This story originally appeared on StockNews
A resistance line has formed in the chart of Apple Inc. (AAPL). This line has prevented AAPL from hitting a new 52 week high. But if the stock breaks thro… [+3022 chars]",0.0,0.971,0.029,2021-07-26 04:00:00+00:00,145.77840993025308
FXStreet,Ivan Brian,"Breaking: Apple (AAPL) reports Q3 earnings, EPS 30% ahead of estimates - FXStreet","<ol><li>Breaking: Apple (AAPL) reports Q3 earnings, EPS 30% ahead of estimates  FXStreet
</li><li>Strong iPhone 12 sales result in another huge quarter for Apple  MobileSyrup
</li><li>Apple Sales Top Estimates on Demand for 5G iPhones  BNN
</li><li>Apple d…",https://www.fxstreet.com/news/breaking-apple-aapl-reports-q3-earnings-eps-30-ahead-of-estimates-202107272034,2021-07-27 20:34:26+00:00,Information on these pages contains forward-looking statements that involve risks and uncertainties. Markets and instruments profiled on this page are for informational purposes only and should not i… [+1689 chars],0.138,0.862,0.0,2021-07-26 04:00:00+00:00,145.77840993025308
StockNews.com,David Cohne,Here Are My Top 3 Robinhood Stocks to Buy Now,Stock trading app Robinhood appears to be headed for an IPO based on a recent SEC filing. The company is doing well by attracting more investors to it...,https://stocknews.com/news/aapl-nok-wmt-here-are-my-top-3-robinhood-stocks-to-buy-now/,2021-07-16 13:10:32+00:00,"This story originally appeared on StockNews
Stock trading app Robinhood appears to be headed for an IPO based on a recent SEC filing. The company is doing well by attracting more investors to its pl… [+7441 chars]",0.0,0.867,0.133,2021-07-12 04:00:00+00:00,143.7530551620195
StockNews.com,Christian Tharp,Is Apple Setting up for a Big Move?,Apple Inc. (AAPL) stock has been trading in a rectangle trading range over the past several weeks forming a resistance line and level of support. At s...,https://stocknews.com/news/aapl-is-apple-setting-up-for-a-big-move/,2021-06-14 13:37:11+00:00,This story originally appeared on StockNewsApple Inc. (AAPL) stock has been trading in a rectangle trading range over the past several weeks forming a resistance line and level of support. At some po… [+2982 chars],0.0,0.922,0.078,2021-06-14 04:00:00+00:00,125.67207194889974
Business Insider,Rob Price and Becky Peterson,EXCLUSIVE: Apple cofounder Steve Wozniak is being sued for allegedly stealing a professor's business idea (AAPL),"Summary List PlacementIn early 2011, at a luncheon at Sacramento's Hyatt Regency hotel, Apple cofounder Steve Wozniak clasped hands with a Connecticut business professor named Ralph Reilly.
According to Reilly, the pair had agreed to establish a futuristic ""t…",https://www.businessinsider.com/steve-wozniak-sued-over-alleged-theft-of-business-idea-2021-5,2021-05-23 11:00:00+00:00,"In early 2011, at a luncheon at Sacramento's Hyatt Regency hotel, Apple cofounder Steve Wozniak clasped hands with a Connecticut business professor named Ralph Reilly.
According to Reilly, the pair … [+12962 chars]",0.0,1.0,0.0,2021-05-17 04:00:00+00:00,124.68887650989602
Business Insider,Ben Gilbert,"Viruses and malware on Mac computers have reached an 'unacceptable' level, according to Apple exec Craig Federighi (AAPL)","Summary List PlacementApple's computers, from its iconic iMac to the latest MacBook, are getting slammed by malware and viruses.
That's according to Apple senior VP Craig Federighi's sworn testimony given on Wednesday in a California court room. ""Today, we ha…",https://www.businessinsider.com/viruses-on-mac-computers-at-unacceptable-level-apple-says-2021-5,2021-05-20 14:32:21+00:00,"Apple's computers, from its iconic iMac to the latest MacBook, are getting slammed by 
 malware and viruses.
That's according to Apple senior VP Craig Federighi's sworn testimony given on Wednesday… [+2564 chars]",0.0,1.0,0.0,2021-05-17 04:00:00+00:00,124.68887650989602
StockNews.com,Andrew Hecht,Apple and Facebook Knock the Cover Off the Ball in Q1 Earnings,"As most companies have reported earnings for the first quarter, two stand out with massive growth, Apple (AAPL) and Facebook (FB). With Facebook facing changes at Apple, can both companies keep this growth up? Read more to find out.",https://stocknews.com/news/aapl-fb-apple-and-facebook-knock-the-cover-off-the-ball-in/,2021-05-11 13:52:35+00:00,"This story originally appeared on StockNewsAs most companies have reported earnings for the first quarter, two stand out with massive growth, Apple (AAPL) and Facebook (FB). With Facebook facing chan… [+7604 chars]",0.0,0.923,0.077,2021-05-10 04:00:00+00:00,127.23535099453754
StockNews.com,David Cohne,3 High Profile Tech Stocks Poised for More Growth,"Three of the biggest tech companies in the world recently posted stellar earnings. While the majority of companies in the S&P 500 beat analyst estimates this past quarter, Facebook (FB), Apple (AAPL), and Alphabet (GOOGL) have multiple growth catalysts that s…",https://stocknews.com/news/fb-aapl-googl-3-high-profile-tech-stocks-poised-for-more-growth/,2021-05-10 22:20:50+00:00,This story originally appeared on StockNewsThree of the biggest tech companies in the world recently posted stellar earnings. While the majority of companies in the S&amp;P 500 beat analyst estimates… [+6341 chars],0.0,1.0,0.0,2021-05-10 04:00:00+00:00,127.23535099453754
Business Insider,Katie Canales,Apple will reportedly make 25 million fewer AirPods this year as competitors saturate the market (AAPL),"Summary List PlacementApple is dialing back production of its AirPods as sales dip amid increasing competition in the wireless Bluetooth headphones market, according to a report from Nikkei Asia.
Production will be slashed by 25% to 30% specifically, sources …",https://www.businessinsider.com/apple-slash-airpods-production-sales-dip-wireless-earphones-2021-4,2021-04-28 14:29:27+00:00,"Apple is dialing back production of its AirPods as sales dip amid increasing competition in the wireless 
 Bluetooth headphones market, according to a report from Nikkei Asia.
Production will be sl… [+1739 chars]",0.0,1.0,0.0,2021-04-26 04:00:00+00:00,132.33946875759113
Business Insider,Will Daniel,'Sunny days in Cupertino': Here's what 4 Wall Street analysts expect from Apple's fiscal 2nd-quarter earnings report (AAPL),"Summary List PlacementApple will report its fiscal second-quarter earnings after the market closes on Wednesday, and all eyes will be on iPhone sales and guidance as the Street debates whether we are seeing an iPhone ""supercycle.""
The average analyst estimate…",https://markets.businessinsider.com/news/stocks/apple-q1-earnings-preview-aapl-iphone-supercycle-buybacks-dividend-increase-2021-4-1030357545,2021-04-28 12:00:00+00:00,"Apple CEO Tim Cook.
Karl Mondon/Digital First Media/The Mercury News via Getty Images
Apple will report its fiscal second-quarter earnings after the market closes on Wednesday, and all eyes will be… [+4554 chars]",0.0,1.0,0.0,2021-04-26 04:00:00+00:00,132.33946875759113
Business Insider,Lisa Eadicicco,Apple's new iPad Pro is the best explanation for why we'll never see a touchscreen MacBook (AAPL),"Summary List PlacementApple's iPad Pro has always seemed like an alternative to the laptop. After all, it has a laptop-sized screen, it's designed to work best with a keyboard, and it now supports trackpad input.
But the company took that idea a step further …",https://www.businessinsider.com/apple-new-ipad-pro-future-of-the-laptop-macbook-2021-4,2021-04-20 21:52:31+00:00,"Apple's iPad Pro has always seemed like an alternative to the laptop. After all, it has a laptop-sized screen, it's designed to work best with a keyboard, and it now supports trackpad input.
But the… [+3922 chars]",0.0,0.84,0.16,2021-04-19 04:00:00+00:00,131.0438471456111
Business Insider,Matthew DeBord,Apple can definitely build a car — but it wouldn't want to sell it in the US (AAPL),"Summary List PlacementSince the Apple Car rumor mill fired back up again a few months ago, the renewed notion that Cupertino might actually, seriously, for reals be thinking about building an actual, serious for reals vehicle has refused to fade. And that's d…",https://www.businessinsider.com/apple-can-build-a-car-cant-sell-in-the-us-2021-4,2021-04-17 11:07:00+00:00,"Since the Apple Car rumor mill fired back up again a few months ago, the renewed notion that Cupertino might actually, seriously, for reals be thinking about building an actual, serious for reals veh… [+5264 chars]",0.171,0.829,0.0,2021-04-12 04:00:00+00:00,130.07216333715752
Business Insider,Katie Canales,"Apple Music reportedly said it will pay artists a penny per stream — double what Spotify pays (AAPL, SPOT)","Summary List PlacementApple Music is telling artists that it will start paying them one cent per stream, per a Friday report from the Wall Street Journal.
The company told artists the news in a letter, which was viewed by the outlet, that will be posted on th…",https://www.businessinsider.com/spotify-pays-artists-half-apple-penny-per-stream-2021-4,2021-04-16 15:28:48+00:00,"Apple Music is telling artists that it will start paying them one cent per stream, per a Friday report from the Wall Street Journal.
The company told artists the news in a letter, which was viewed b… [+1941 chars]",0.0,1.0,0.0,2021-04-12 04:00:00+00:00,130.07216333715752
Business Insider,Emily Graffeo,"Apple's stock price doesn't reflect the 12% upside offered by its growing autonomous-vehicle ambitions, UBS says (AAPL)","Summary List PlacementApple's current stock price doesn't reflect the tech giant's budding autonomous-vehicle ambitions, according to a team of UBS equity analysts led by David Vogt.  
The analysts have a price target of $142 for Apple, a roughly 12% gain fro…",https://markets.businessinsider.com/news/stocks/apple-stock-price-aapl-target-self-driving-autonomous-vehicle-patent-2021-4-1030286444,2021-04-08 14:58:33+00:00,"Apple CEO Tim Cook.
Karl Mondon/Digital First Media/The Mercury News via Getty Images
Apple's current stock price doesn't reflect the tech giant's budding autonomous-vehicle ambitions, according to… [+2035 chars]",0.0,1.0,0.0,2021-04-05 04:00:00+00:00,121.58190834306835
Business Insider,Will Daniel,"Apple, Microsoft, and Nuance Communications are the top 3 tech stocks heading into earnings season, Wedbush says (AAPL, MSFT, NUAN)","Summary List PlacementApple, Microsoft, and Nuance Communications are the top three tech buys heading into earnings season, according to Wedbush.
In a note to clients on Wednesday, analyst Dan Ives said that he believes tech stocks have ""an upward 25%-30% mov…",https://markets.businessinsider.com/news/stocks/apple-microsoft-nuance-communications-top-3-tech-stocks-earnings-wedbush-2021-4-1030281706,2021-04-07 13:38:53+00:00,"Reuters / Brendan McDermid
Apple, Microsoft, and Nuance Communications are the top three tech buys heading into earnings season, according to Wedbush.
In a note to clients on Wednesday, analyst Dan… [+2268 chars]",0.0,0.943,0.057,2021-04-05 04:00:00+00:00,121.58190834306835
Business Insider,Avery Hartmans,"Tim Cook says Facebook's objections to letting people pick whether or not to be tracked are 'flimsy arguments' (AAPL, FB)","Summary List PlacementTim Cook isn't buying Facebook's arguments against Apple's upcoming privacy changes.
In a new podcast interview with The New York Times' Kara Swisher, published Monday, the Apple CEO discussed Facebook's reaction to Apple's new privacy f…",https://www.businessinsider.com/tim-cook-facebook-objections-over-privacy-feature-flimsy-2021-4,2021-04-05 15:15:41+00:00,"Tim Cook isn't buying Facebook's arguments against Apple's upcoming privacy changes.
In a new podcast interview with The New York Times' Kara Swisher, published Monday, the Apple CEO discussed Faceb… [+2503 chars]",0.0,0.93,0.07,2021-04-05 04:00:00+00:00,121.58190834306835
Business Insider,Avery Hartmans,Apple will host WWDC entirely online for the second year in a row (AAPL),"Summary List PlacementApple will host WWDC entirely online for the second year in a row. 
The iPhone-maker announced Tuesday that its annual developers conference will take place from June 7 to June 11. The conference, which is free and open to all developers…",https://www.businessinsider.com/apple-wwdc-2021-june-7-11-event-entirely-online-again-2021-3,2021-03-30 14:36:23+00:00,"Apple will host WWDC entirely online for the second year in a row. 
The iPhone-maker announced Tuesday that its annual developers conference will take place from June 7 to June 11. The conference, w… [+1079 chars]",0.0,1.0,0.0,2021-03-29 04:00:00+00:00,119.4029273984086
Business Insider,Tyler Sonnemaker,"SoftBank is under investigation by the SEC following its risky 'Nasdaq whale' investments (UBER, AAPL, TSLA)","Summary List PlacementThe Japanese investing conglomerate SoftBank, which has holdings in household names like Apple, Amazon, Tesla, Uber, DoorDash, and Sprint, is under investigation by the Securities and Exchange Commission, Vice News reported Wednesday.
Th…",https://www.businessinsider.com/softbank-sec-investigation-foia-request-nasdaq-whale-sb-northstar-2021-3,2021-03-24 23:04:36+00:00,"The Japanese investing conglomerate SoftBank, which has holdings in household names like Apple, Amazon, Tesla, Uber, DoorDash, and Sprint, is under investigation by the Securities and Exchange Commis… [+1339 chars]",0.0,0.808,0.192,2021-03-22 04:00:00+00:00,118.1073269463442
Business Insider,Matthew DeBord,"It's time to retire comparisons between Apple and Tesla, once and for all (TSLA, AAPL)","Summary List PlacementFor years, comparisons between Apple and Tesla haven't merely been commonplace — they've been expected. 
Some of this could be chalked up to timing. Apple co-founder and CEO Steve Jobs died in 2011, leaving the tech world with a visionar…",https://www.businessinsider.com/its-time-to-retire-comparisons-between-apple-and-tesla-2021-3,2021-03-14 10:37:00+00:00,"For years, comparisons between Apple and Tesla haven't merely been commonplace they've been expected. 
Some of this could be chalked up to timing. Apple co-founder and CEO Steve Jobs died in 2011, l… [+5195 chars]",0.096,0.904,0.0,2021-03-08 05:00:00+00:00,118.69622884639715
Benzinga,Madhukumar Warrier,Apple Discontinues The iMac Pro - Benzinga,"Apple Inc. (NASDAQ: AAPL) has discontinued the iMac Pro and removed all build-to-order configurations for the product.
What Happened: The only iMac Pro ...",https://www.benzinga.com/news/21/03/20048287/apple-discontinues-the-imac-pro,2021-03-08 03:42:00+00:00,"Apple Inc. (NASDAQ: AAPL) has discontinued the iMac Pro and removed all build-to-order configurations for the product.
What Happened: The only iMac Pro model now available for purchase is the $4,999… [+1539 chars]",0.0,1.0,0.0,2021-03-01 05:00:00+00:00,121.46414041567193
Business Insider,Matthew DeBord,"Tesla and Apple are incredibly important companies, but their progress on self-driving vehicles is pathetic (TSLA, AAPL)","Summary List PlacementEvery year, the California Department of Motor vehicles releases a ""Disengagement Report"" for companies that are authorized to operate and test self-driving vehicles on the state's roads. The report is controversial, mainly because it's …",https://www.businessinsider.com/tesla-and-apple-progress-on-self-driving-vehicles-is-pathetic-2021-2,2021-02-15 13:18:00+00:00,"Insider logo
The word ""Insider"".
Close icon
Two crossed lines that form an 'X'. It indicates a way to close an interaction, or dismiss a notification.
PremiumHomeChevron icon
It indicates an exp… [+6610 chars]",0.0,1.0,0.0,2021-02-15 05:00:00+00:00,132.98730809602907
Business Insider,Aleeya Mayo,Apple will replace the batteries that won't hold a charge in certain MacBook Pros for free (AAPL),"Summary List PlacementApple will replace batteries in MacBook Pro models from 2016 and 2017 that won't hold a charge.
Some customers have reported that their laptops haven't been able to hold a charge beyond 1%. Apple said only ""a very small number of custome…",https://www.businessinsider.com/apple-will-replace-macbook-pro-batteries-2016-2017-for-free-2021-2,2021-02-10 21:17:27+00:00,"Apple will replace batteries in MacBook Pro models from 2016 and 2017 that won't hold a charge.
Some customers have reported that their laptops haven't been able to hold a charge beyond 1%. Apple sa… [+2100 chars]",0.0,1.0,0.0,2021-02-08 05:00:00+00:00,133.51730390031216
Business Insider,Matthew Fox,Apple taps debt markets to raise $14 billion for future shareholder payouts (AAPL),"Summary List Placement<ul>
<li>Apple is taking advantage of the low interest rate environment to raise $14 billion in debt, according to Bloomberg.</li>
<li>The debt offering will include 40-year bonds and proceeds from will go towards buying back stock and d…",https://www.businessinsider.com/apple-stock-debt-markets-raise-14-billion-dividends-shareholder-payouts-2021-2,2021-02-01 20:42:24+00:00,"Karl Mondon/Digital First Media/The Mercury News via Getty Images
<ul><li>Apple is taking advantage of the low interest rate environment to raise $14 billion in debt, according to Bloomberg.</li><li… [+1783 chars]",0.129,0.73,0.14,2021-02-01 05:00:00+00:00,131.08356667067957
Benzinga,JJ Kinahan,"Earnings Triple Crown After Close As Facebook, Apple, Tesla Prepare To Report - Benzinga","This afternoon investors can sit back and enjoy an earnings season triple crown.
Tesla Inc (NASDAQ: TSLA), Apple Inc (NASDAQ: AAPL), ...",https://www.benzinga.com/news/earnings/21/01/19346234/earnings-triple-crown-after-close-as-facebook-apple-tesla-prepare-to-report,2021-01-27 15:11:00+00:00,"This afternoon investors can sit back and enjoy an earnings season triple crown.
Tesla Inc (NASDAQ: TSLA), Apple Inc (NASDAQ: AAPL), and Facebook, Inc. (NASDAQ: FB) all deliver quarterly results aft… [+10654 chars]",0.0,0.909,0.091,2021-01-25 05:00:00+00:00,140.21774942447502
CNN,"Brian Fung, CNN Business",Apple suspends Parler from App Store,"Apple removed Parler, the alternative social media platform popular with conservatives, from its app store on Saturday. ""[T]here is no place on our platform for threats of violence and illegal activity,"" the iPhone maker said.",https://www.cnn.com/2021/01/09/tech/parler-suspended-apple-app-store/index.html,2021-01-10 01:02:34+00:00,"(CNN Business)Apple removed Parler, the alternative social media platform popular with conservatives, from its app store on Saturday. ""[T]here is no place on our platform for threats of violence and … [+1193 chars]",0.228,0.702,0.07,2021-01-04 05:00:00+00:00,130.85812975168926
Business Insider,Matthew DeBord,"The Apple Car would wreck Apple, and Tesla's incredibly volatile history shows why (TSLA, AAPL)","Summary List PlacementIn case you missed it, the Apple Car is back. In the past few weeks, both Reuters and Bloomberg have reported that something is up with what Apple is calling ""Project Titan,"" after years of starts and stops. There have even been confusin…",https://www.businessinsider.com/teslas-history-shows-why-the-apple-car-would-wreck-apple-2021-1,2021-01-09 14:52:00+00:00,"In case you missed it, the Apple Car is back. In the past few weeks, both Reuters and Bloomberg have reported that something is up with what Apple is calling ""Project Titan,"" after years of starts an… [+6635 chars]",0.055,0.945,0.0,2021-01-04 05:00:00+00:00,130.85812975168926
StockNews.com,Imon Ghosh,Why Apple Stock Will Continue to Outperform in 2021,A big jump in orders and rapid growth in international sales in its last reported quarter has raised investor optimism about Apple Inc.'s (AAPL) future performance.,https://stocknews.com/news/aapl-dell-hpq-phg-why-apple-stock-will-continue-to-outperform-in-2021/,2021-01-06 20:37:22+00:00,"January
6, 2021
5 min read
This story originally appeared on StockNewsThe world’s highest-selling 5G smartphone company, Apple Inc. (AAPL - Get Rating), delivered impressive numbers in its last qu… [+5728 chars]",0.0,0.898,0.102,2021-01-04 05:00:00+00:00,130.85812975168926
Boing Boing,Xeni Jardin,Dr. Dre's estranged wife Nicole Young says he has $262 million in AAPL stock and cash,"An accountant representing Dr. Dre's estranged wife argues says in new legal documents that the hip-hop mogul has plenty with which to pay his ex, because Apple buying BEATS made him extraordinarily wealthy.



From TMZ:



Nicole Young filed docs detailing h…",https://boingboing.net/2021/01/05/dr-dres-estranged-wife-nicole-young-says-he-has-262-million-in-aapl-stock-and-cash.html,2021-01-05 21:23:16+00:00,"An accountant representing Dr. Dre's estranged wife argues says in new legal documents that the hip-hop mogul has plenty with which to pay his ex, because Apple buying BEATS made him extraordinarily … [+716 chars]",0.11,0.849,0.041,2021-01-04 05:00:00+00:00,130.85812975168926
MacRumors,Joe Rossignol,"AAPL Opened at All-Time High, Shares Have Risen Nearly 150% Since Late March","Apple's stock opened at a new all-time high of $138.05 today, eclipsing the company's previous opening record of $137.59 set on September 2, 2020. However, the share price has since trended downwards slightly in intraday trading.





Apple has seen its stock…",https://www.macrumors.com/2020/12/29/aapl-opens-at-all-time-high/,2020-12-29 15:25:12+00:00,"Apple's stock opened at a new all-time high of $138.05 today, eclipsing the company's previous opening record of $137.59 set on September 2, 2020. However, the share price has since trended downwards… [+918 chars]",0.0,0.936,0.064,2020-12-28 05:00:00+00:00,131.31877916880245
Business Insider,Katie Canales,You'll need a $35 cable in order to use Apple's new $550 AirPods Max with your non-Bluetooth devices (AAPL),"Summary List PlacementApple debuted its heavily anticipated $549 over-ear AirPods Max headphones on Tuesday.
The company's first over-ear headphones are outfitted with a slew of features and come equipped with Bluetooth to sync with Bluetooth-compatible devic…",https://www.businessinsider.com/how-to-use-apple-airpods-max-without-bluetooth-cable-2020-12,2020-12-09 16:34:41+00:00,"Apple debuted its heavily anticipated $549 over-ear AirPods Max headphones on Tuesday.
The company's first over-ear headphones are outfitted with a slew of features and come equipped with Bluetooth … [+1909 chars]",0.0,1.0,0.0,2020-12-07 05:00:00+00:00,119.87162263023302
Business Insider,Lisa Eadicicco,Apple's Q4 earnings report was missing the most important number Wall Street was waiting for (AAPL),"Summary List Placement

When Apple reported its fiscal fourth quarter earnings on Thursday, Wall Street was all ears for any sign of how well the iPhone 12 has been selling. While Apple did provide some vague, optimistic notes on the matter, it was impossible…",https://www.businessinsider.com/apple-iphone-12-sales-mystery-after-q4-earnings-report-2020-10,2020-10-30 16:46:32+00:00,"When Apple reported its fiscal fourth quarter earnings on Thursday, Wall Street was all ears for any sign of how well the iPhone 12 has been selling. While Apple did provide some vague, optimistic no… [+4785 chars]",0.035,0.854,0.111,2020-10-26 04:00:00+00:00,111.54465784637496
StockNews.com,StockNews.com Staff,AAPL: AAPL and the Rollout of the iPhone 12 and 5G - StockNews.com,"<ol><li>AAPL: AAPL and the Rollout of the iPhone 12 and 5G  StockNews.com
</li><li>iPhone 12 Pro Max Found to Have Smaller Battery than iPhone 11 Pro Max  iPhone in Canada
</li><li>iPhone 12, Pro review: Apple proves you don’t need flashy gimmicks in a flag…",https://stocknews.com/news/aapl-aapl-and-the-rollout-of-the-iphone-12-and-5g/,2020-10-21 21:51:24+00:00,,0.0,0.0,0.0,2020-10-19 04:00:00+00:00,117.36596004885342
Business Insider,Matthew Fox,"The DOJ antitrust lawsuit against Google could pose a risk to Apple's valuation, analyst says (AAPL)","Summary List Placement

<ul>
<li>The Department of Justice's antitrust lawsuit against Google could pose a risk to Apple's valuation, according to a Wednesday analyst note from Bank of America.</li>
<li>As detailed in the lawsuit, Apple has received up to $12…",https://www.businessinsider.com/google-stock-doj-antitrust-suit-poses-risk-apple-valuation-tech-2020-10,2020-10-21 16:51:27+00:00,"<ul><li>The Department of Justice's antitrust lawsuit against Google could pose a risk to Apple's valuation, according to a Wednesday analyst note from Bank of America.</li><li>As detailed in the law… [+3025 chars]",0.129,0.871,0.0,2020-10-19 04:00:00+00:00,117.36596004885342
Business Insider,Avery Hartmans,"Apple just unveiled its new iPhone 12 lineup, which includes 4 new 5G phones starting at $699 (AAPL)","Summary List Placement

<ul>
<li>Apple launched the iPhone 12 lineup during a virtual press event on October 13.</li>
<li>The new iPhone 12 starts at $799, while the new iPhone 12 Mini starts at $699. Both phones come in five colors, have a new, squared-off d…",https://www.businessinsider.com/apple-iphone-12-price-specs-release-date,2020-10-13 18:24:46+00:00,"When you buy through our links, we may earn money from our affiliate partners. Learn more.
Apple
The iPhone 12.
Apple
The iPhone 12 is the successor to last year's iPhone 11. Like the iPhone 11, … [+3230 chars]",0.0,0.891,0.109,2020-10-12 04:00:00+00:00,117.4638393109965
Business Insider,Lisa Eadicicco and Ben Gilbert,"For the first time ever, Apple's next iPhone won't include wired earbuds in the box (AAPL)","Summary List Placement

Apple will no longer include its wired EarPod headphones in the box with its new iPhones, starting with the iPhone 12.
Apple executive Lisa Jackson announced the change Tuesday afternoon after announcing its new smartphone lineup.
The …",https://www.businessinsider.com/apple-iphone-12-launch-without-wired-earbuds-box-2020-10,2020-10-13 17:45:56+00:00,"Apple will no longer include its wired EarPod headphones in the box with its new iPhones, starting with the iPhone 12.
Apple executive Lisa Jackson announced the change Tuesday afternoon after annou… [+1396 chars]",0.062,0.937,0.0,2020-10-12 04:00:00+00:00,117.4638393109965
Business Insider,Matthew Fox,Apple just split its stock. Here's how shares have performed one year after its previous stock splits. (AAPL),"<ul>
<li>Apple just completed its fifth stock split ever on Monday, as investors received four shares for every one share held.</li>
<li>The split quartered Apple's stock price from around $500 last week to about $125 today.</li>
<li>Here's how shares of Appl…",https://www.businessinsider.com/apple-stock-split-shares-performed-year-after-previous-historical-returns-2020-8,2020-08-31 15:44:06+00:00,"<ul><li>Apple just completed its fifth stock split ever on Monday, as investors received four shares for every one share held.</li><li>The split quartered Apple's stock price from around $500 last we… [+2111 chars]",0.0,0.872,0.128,2020-08-31 04:00:00+00:00,124.82120412753304
MacRumors,MacRumors Staff,"Top Stories: Epic vs. Apple Escalates, AAPL Worth $2T, iOS 14 Beta 5 Changes","Topping the news headlines once again this week was the dispute between Apple and Epic Games, which continued to rage with no signs of de-escalation. The conflict hasn't dampened investors' enthusiasm for Apple's stock, however, as Apple this week became the …",https://www.macrumors.com/2020/08/22/top-stories-epic-apple-escalation/,2020-08-22 13:00:42+00:00,"Topping the news headlines once again this week was the dispute between Apple and Epic Games, which continued to rage with no signs of de-escalation. The conflict hasn't dampened investors' enthusias… [+6000 chars]",0.271,0.729,0.0,2020-08-17 04:00:00+00:00,113.55275748132449
Business Insider,Matthew Fox,"Tesla, Apple surge 5% to record highs as both companies prepare to split their stock (AAPL, TSLA)","<ul>
<li>Tesla and Apple both surged 5% to record highs on Friday as both companies prepare to split their stock next week.</li>
<li>Tesla's stockholder record date is at the close of business Friday, while Apple's stockholder record date is Monday, August 24…",https://www.businessinsider.com/tesla-apple-stock-price-surge-prepare-split-record-before-week-2020-8,2020-08-21 19:05:51+00:00,"<ul><li>Tesla and Apple both surged 5% to record highs on Friday as both companies prepare to split their stock next week.</li><li>Tesla's stockholder record date is at the close of business Friday, … [+1894 chars]",0.0,1.0,0.0,2020-08-17 04:00:00+00:00,113.55275748132449
Business Insider,Lisa Eadicicco,There's an easy way to get 'Fortnite' back on your iPhone if you've deleted it — here's how (AAPL),"<ul>
<li>Apple removed ""Fortnite"" from the App Store, but there's a way to re-install it on your iPhone if you've already downloaded it in the past.</li>
<li> There's a section in the App Store that allows you to view apps you've previously downloaded and re-…",https://www.businessinsider.com/fortnite-removed-from-app-store-how-to-download-iphone-2020-8,2020-08-20 18:00:23+00:00,"Apple may have removed ""Fortnite"" from the App Store, but there's a quick way to re-install it on your iPhone if you've previously downloaded it.
In the App Store, you can access a list of the apps … [+1022 chars]",0.0,1.0,0.0,2020-08-17 04:00:00+00:00,113.55275748132449
Business Insider,Lisa Eadicicco,Apple's massive $2 trillion market cap proves Tim Cook's early doubters were dead wrong (AAPL),"<ul>
<li>Apple became the first US-listed company to hit a $2 trillion valuation on Wednesday, a milestone for the company under CEO Tim Cook's tenure.</li>
<li>When Cook took over as CEO, there were many questions about whether the company could continue to …",https://www.businessinsider.com/apple-2-trillion-market-cap-proves-tim-cook-doubters-wrong-2020-8,2020-08-19 19:06:14+00:00,"When Tim Cook took over as Apple's CEO in August 2011 shortly before Steve Jobs' death, his earliest critics questioned the direction of Apple's innovationand creativity without Jobs, mostly driven b… [+3647 chars]",0.192,0.742,0.066,2020-08-17 04:00:00+00:00,113.55275748132449
CNN,"Paul R. La Monica, CNN Business",Apple is now worth $2 trillion,"Among its many accomplishments  -- the iPhone, the iPad, iTunes, the App store -- Apple can now boast of one more: It is now worth more than $2 trillion, making it the first company in the United States to reach that milestone.",https://www.cnn.com/2020/08/19/tech/apple-stock-two-trillion-market-value/index.html,2020-08-19 14:53:04+00:00,"New York (CNN Business)Among its many accomplishments -- the iPhone, the iPad, iTunes, the App store -- Apple can now boast of one more: It is now worth more than $2 trillion, making it the first com… [+650 chars]",0.0,0.952,0.048,2020-08-17 04:00:00+00:00,113.55275748132449
Business Insider,Carmen Reinicke,Apple's latest record high put it just 5% from a $2 trillion market value (AAPL),"<ul>
<li>Apple shares surged as much as 5% to an intraday high of $446.55 per share on Monday, continuing a post-earnings rally for the tech company. </li>
<li>That pushed Apple's market capitalization to $1.92 trillion.</li>
<li>If Apple gains another 5%, it…",https://www.businessinsider.com/apple-stock-price-nears-trillion-market-capitalization-first-time-company-2020-8,2020-08-03 15:16:25+00:00,"Scott Olson/Getty Images
Apple is in striking distance of becoming the first-ever US company to hit a $2 trillion market value. 
Shares of Apple surged as much as 5% to an intraday high of $446.55 … [+1122 chars]",0.0,0.881,0.119,2020-08-03 04:00:00+00:00,105.66976983480016
Business Insider,Lisa Eadicicco,Apple says the new iPhone will likely be delayed a few weeks (AAPL),"<ul>
<li>Apple said it expects supply of its next iPhone to be available ""a few weeks later"" compared to last year's iPhone launch.</li>
<li>The comments come as reports have suggested the next-generation iPhone may be delayed because of supply chain issues s…",https://www.businessinsider.com/apple-iphone-12-release-date-likely-few-weeks-late-2020-7,2020-07-30 22:09:20+00:00,"Apple said the launch of its anticipated 5G iPhone will likely be delayed a few weeks as the company's supply chain recovers from the coronavirus pandemic. 
The company did not provide revenue guida… [+1920 chars]",0.054,0.946,0.0,2020-07-27 04:00:00+00:00,91.51860772290466
Business Insider,Katie Canales,"Apple employees won't return to the office until early 2021, CEO Tim Cook says (AAPL)","<ul>
<li>Apple CEO Tim Cook said the company would extend its work-from-home policy for US workers until early 2021, per a Bloomberg report.</li>
<li>If that timeline were to be extended further, it would depend on ""the success with a vaccine, success with th…",https://www.businessinsider.com/apple-employees-work-from-home-until-early-2021-2020-7,2020-07-30 21:42:44+00:00,"Apple CEO Tim Cook said the company's employees can continue working from home until early 2021.
Cook laid out the company's plans to extend its work-from-home policy in a Thursday interview with Bl… [+824 chars]",0.0,0.951,0.049,2020-07-27 04:00:00+00:00,91.51860772290466
Business Insider,Lisa Eadicicco,LIVE: Here come Apple's quarterly earnings (AAPL),"<ul>
<li>Apple will report its fiscal third-quarter earnings on Thursday after the market closes.</li>
<li>Analysts are expecting revenue to be slightly lower compared to the same quarter one year ago.</li>
<li>Wall Street will also be looking for clues about…",https://www.businessinsider.com/apple-fiscal-q3-2020-earnings-iphone-sales-wearables-services-2020-7,2020-07-30 19:20:42+00:00,"Apple is about to report its fiscal third-quarter earnings, and analysts are expecting quarterly revenue to drop slightly compared to the same quarter one year ago.
The results will also provide ano… [+2253 chars]",0.06,0.94,0.0,2020-07-27 04:00:00+00:00,91.51860772290466
Business Insider,Troy Wolverton,Emails released as part of Congress' antitrust hearing show how ruthless Steve Jobs could be (AAPL),"<ul>
<li>Newly released emails from Steve Jobs show how ruthless he could be.</li>
<li>In one of the emails, made public by a Congressional subcommittee investigating antitrust concerns, Jobs advised subordinates to ""cut off"" a developer.</li>
<li>In another …",https://www.businessinsider.com/newly-released-emails-show-ruthlessness-of-steve-jobs-2020-7,2020-07-30 01:50:04+00:00,"You could use a lot of adjectives to describe Steve Jobs: innovative, visionary, charismatic. But on the short-list of those words would have to be ruthless, as new email messages made public Wednesd… [+4820 chars]",0.0,0.885,0.115,2020-07-27 04:00:00+00:00,91.51860772290466
Business Insider,Lisa Eadicicco,Apple warns that closing your MacBook while the camera is covered can damage its screen (AAPL),"<ul>
<li>Apple has published a support page warning MacBook Pro, MacBook Air, and MacBook owners to remove any camera coverings before closing their laptop.</li>
<li>Closing an Apple laptop while the camera is covered could damage the display or prevent featu…",https://www.businessinsider.com/apple-macbook-pro-screen-break-closed-with-laptop-camera-cover-2020-7,2020-07-13 13:47:33+00:00,"If you regularly cover your laptop's camera when it's not in use, you might want to think twice before closing your laptop without removing the cover, Apple warns. A failure to do so could damage you… [+2515 chars]",0.193,0.777,0.031,2020-07-13 04:00:00+00:00,94.99047449357487
Business Insider,Lisa Eadicicco,All of Apple's upcoming MacBooks running on its new chip may have just leaked (AAPL),"<ul>
<li>Apple reportedly has four new MacBook laptops in its future product lineup that will run on its new silicon, according to TF International Securities analyst Ming-Chi Kuo.</li>
<li>These include a 13.3-inch MacBook Pro, a new MacBook Air, a 14-inch M…",https://www.businessinsider.com/apple-macbook-pro-14-release-and-air-other-models-leak-2020-7,2020-07-10 15:07:51+00:00,"Apple gave vague plans for the future of its Mac lineup at WWDC, saying that the first computer to run on Apple silicon will be coming later this year.
Now, reliable analyst Ming-Chi Kuo might have … [+2075 chars]",0.036,0.964,0.0,2020-07-06 04:00:00+00:00,90.33691091122748
